"year","odr"
1,0.0481613245695794
2,0.0294696650464308
3,0.0363975943108731
4,0.0361114547888633
5,0.0335270872585343
6,0.0314874742643606
7,0.0601004241584529
8,0.0407673630303389
9,0.0612882656260245
10,0.0591845267905688
11,0.0506747718684507
12,0.0627482561173365
13,0.0506930907498203
14,0.0447565429578879
15,0.0681434797638855
16,0.0635295805426276
17,0.0395030107872948
18,0.0475011041257536
19,0.0356920109764324
20,0.0467810219334282
