rating,no,nb,ng,pd
"01 (-Inf,473)",413,63,350,0.152542373
"02 [473,501)",1269,134,1135,0.105594957
"03 [501,530)",1765,80,1685,0.045325779
"04 [530,556)",1163,28,1135,0.024075666
"05 [556,Inf)",845,10,835,0.01183432
